zid,statusType,statusText,timeOnZillow,price,pricePerSqFt,zestimate,zestimatePerSqFt,rentZestimate,area,lotSize,lotAreaUnit,beds,baths,address,addressStreet,addressCity,addressState,addressZipcode,latitude,longitude,brokerName,isZillowOwned,dateSold,soldPrice,detailUrl,image,sourceUrl
"2422583","FOR_SALE","House for sale","","200000","154","190700","147","1362","1296","8009","sqft","3","2","1166 E 76th Ter, Kansas City, MO 64131","1166 E 76th Ter","Kansas City","MO","64131","38.988613","-94.5727","Keller Williams KC North","false","","","https://www.zillow.com/homedetails/1166-E-76th-Ter-Kansas-City-MO-64131/2422583_zpid/","https://photos.zillowstatic.com/fp/3a2d56cdbe0516c968fbafbbd123ae6d-p_e.jpg","https://www.zillow.com/kansas-city-mo/?searchQueryState=%7B%22pagination%22%3A%7B%7D%2C%22isMapVisible%22%3Atrue%2C%22mapBounds%22%3A%7B%22west%22%3A-96.1006787065811%2C%22east%22%3A-93.35135009329986%2C%22south%22%3A38.694805385673604%2C%22north%22%3A39.610631280801506%7D%2C%22usersSearchTerm%22%3A%22Kansas%20City%2C%20MO%22%2C%22regionSelection%22%3A%5B%7B%22regionId%22%3A18795%2C%22regionType%22%3A6%7D%5D%2C%22filterState%22%3A%7B%22sort%22%3A%7B%22value%22%3A%22globalrelevanceex%22%7D%2C%22ah%22%3A%7B%22value%22%3Atrue%7D%2C%22tow%22%3A%7B%22value%22%3Afalse%7D%2C%22con%22%3A%7B%22value%22%3Afalse%7D%2C%22apco%22%3A%7B%22value%22%3Afalse%7D%2C%22land%22%3A%7B%22value%22%3Afalse%7D%2C%22apa%22%3A%7B%22value%22%3Afalse%7D%2C%22manu%22%3A%7B%22value%22%3Afalse%7D%7D%2C%22isListVisible%22%3Atrue%7D"
"2332751","FOR_SALE","House for sale","","109900","53","101100","48","1772","2086","8276.4","sqft","5","2","3200 Lockridge St, Kansas City, MO 64128","3200 Lockridge St","Kansas City","MO","64128","39.07608","-94.54579","Realty Platinum Professionals","false","","","https://www.zillow.com/homedetails/3200-Lockridge-St-Kansas-City-MO-64128/2332751_zpid/","https://photos.zillowstatic.com/fp/1d0929957b51163cb19fcf44d84812a6-p_e.jpg","https://www.zillow.com/kansas-city-mo/?searchQueryState=%7B%22pagination%22%3A%7B%7D%2C%22isMapVisible%22%3Atrue%2C%22mapBounds%22%3A%7B%22west%22%3A-96.1006787065811%2C%22east%22%3A-93.35135009329986%2C%22south%22%3A38.694805385673604%2C%22north%22%3A39.610631280801506%7D%2C%22usersSearchTerm%22%3A%22Kansas%20City%2C%20MO%22%2C%22regionSelection%22%3A%5B%7B%22regionId%22%3A18795%2C%22regionType%22%3A6%7D%5D%2C%22filterState%22%3A%7B%22sort%22%3A%7B%22value%22%3A%22globalrelevanceex%22%7D%2C%22ah%22%3A%7B%22value%22%3Atrue%7D%2C%22tow%22%3A%7B%22value%22%3Afalse%7D%2C%22con%22%3A%7B%22value%22%3Afalse%7D%2C%22apco%22%3A%7B%22value%22%3Afalse%7D%2C%22land%22%3A%7B%22value%22%3Afalse%7D%2C%22apa%22%3A%7B%22value%22%3Afalse%7D%2C%22manu%22%3A%7B%22value%22%3Afalse%7D%7D%2C%22isListVisible%22%3Atrue%7D"
"2286597","FOR_SALE","House for sale","","158000","96","","","1495","1653","4811","sqft","4","2","519 Benton Blvd, Kansas City, MO 64124","519 Benton Blvd","Kansas City","MO","64124","39.10686","-94.54422","Core Realty KC LLC","false","","","https://www.zillow.com/homedetails/519-Benton-Blvd-Kansas-City-MO-64124/2286597_zpid/","https://photos.zillowstatic.com/fp/4cedb2a79183231b92354999799a25e2-p_e.jpg","https://www.zillow.com/kansas-city-mo/?searchQueryState=%7B%22pagination%22%3A%7B%7D%2C%22isMapVisible%22%3Atrue%2C%22mapBounds%22%3A%7B%22west%22%3A-96.1006787065811%2C%22east%22%3A-93.35135009329986%2C%22south%22%3A38.694805385673604%2C%22north%22%3A39.610631280801506%7D%2C%22usersSearchTerm%22%3A%22Kansas%20City%2C%20MO%22%2C%22regionSelection%22%3A%5B%7B%22regionId%22%3A18795%2C%22regionType%22%3A6%7D%5D%2C%22filterState%22%3A%7B%22sort%22%3A%7B%22value%22%3A%22globalrelevanceex%22%7D%2C%22ah%22%3A%7B%22value%22%3Atrue%7D%2C%22tow%22%3A%7B%22value%22%3Afalse%7D%2C%22con%22%3A%7B%22value%22%3Afalse%7D%2C%22apco%22%3A%7B%22value%22%3Afalse%7D%2C%22land%22%3A%7B%22value%22%3Afalse%7D%2C%22apa%22%3A%7B%22value%22%3Afalse%7D%2C%22manu%22%3A%7B%22value%22%3Afalse%7D%7D%2C%22isListVisible%22%3Atrue%7D"
"66401123","FOR_SALE","House for sale","","305000","179","297900","174","2080","1708","0.35","acres","3","3","1001 NE 115th St, Kansas City, MO 64155","1001 NE 115th St","Kansas City","MO","64155","39.301517","-94.56624","BHG Kansas City Homes","false","","","https://www.zillow.com/homedetails/1001-NE-115th-St-Kansas-City-MO-64155/66401123_zpid/","https://photos.zillowstatic.com/fp/c4eefc5ce9afea759fa6c5b337126215-p_e.jpg","https://www.zillow.com/kansas-city-mo/?searchQueryState=%7B%22pagination%22%3A%7B%7D%2C%22isMapVisible%22%3Atrue%2C%22mapBounds%22%3A%7B%22west%22%3A-96.1006787065811%2C%22east%22%3A-93.35135009329986%2C%22south%22%3A38.694805385673604%2C%22north%22%3A39.610631280801506%7D%2C%22usersSearchTerm%22%3A%22Kansas%20City%2C%20MO%22%2C%22regionSelection%22%3A%5B%7B%22regionId%22%3A18795%2C%22regionType%22%3A6%7D%5D%2C%22filterState%22%3A%7B%22sort%22%3A%7B%22value%22%3A%22globalrelevanceex%22%7D%2C%22ah%22%3A%7B%22value%22%3Atrue%7D%2C%22tow%22%3A%7B%22value%22%3Afalse%7D%2C%22con%22%3A%7B%22value%22%3Afalse%7D%2C%22apco%22%3A%7B%22value%22%3Afalse%7D%2C%22land%22%3A%7B%22value%22%3Afalse%7D%2C%22apa%22%3A%7B%22value%22%3Afalse%7D%2C%22manu%22%3A%7B%22value%22%3Afalse%7D%7D%2C%22isListVisible%22%3Atrue%7D"
"2356595","FOR_SALE","House for sale","","69900","36","63600","33","1366","1953","5186","sqft","3","1","4021 Benton Blvd, Kansas City, MO 64130","4021 Benton Blvd","Kansas City","MO","64130","39.052685","-94.54639","Greater Kansas City Realty","false","","","https://www.zillow.com/homedetails/4021-Benton-Blvd-Kansas-City-MO-64130/2356595_zpid/","https://photos.zillowstatic.com/fp/6082baa4993ef605e8834132887f8bef-p_e.jpg","https://www.zillow.com/kansas-city-mo/?searchQueryState=%7B%22pagination%22%3A%7B%7D%2C%22isMapVisible%22%3Atrue%2C%22mapBounds%22%3A%7B%22west%22%3A-96.1006787065811%2C%22east%22%3A-93.35135009329986%2C%22south%22%3A38.694805385673604%2C%22north%22%3A39.610631280801506%7D%2C%22usersSearchTerm%22%3A%22Kansas%20City%2C%20MO%22%2C%22regionSelection%22%3A%5B%7B%22regionId%22%3A18795%2C%22regionType%22%3A6%7D%5D%2C%22filterState%22%3A%7B%22sort%22%3A%7B%22value%22%3A%22globalrelevanceex%22%7D%2C%22ah%22%3A%7B%22value%22%3Atrue%7D%2C%22tow%22%3A%7B%22value%22%3Afalse%7D%2C%22con%22%3A%7B%22value%22%3Afalse%7D%2C%22apco%22%3A%7B%22value%22%3Afalse%7D%2C%22land%22%3A%7B%22value%22%3Afalse%7D%2C%22apa%22%3A%7B%22value%22%3Afalse%7D%2C%22manu%22%3A%7B%22value%22%3Afalse%7D%7D%2C%22isListVisible%22%3Atrue%7D"
"2431292","FOR_SALE","House for sale","","284900","179","273100","172","1700","1589","0.33402203856749313","acres","3","2","27 W 97th St, Kansas City, MO 64114","27 W 97th St","Kansas City","MO","64114","38.952095","-94.59165","Keller Williams Southland","false","","","https://www.zillow.com/homedetails/27-W-97th-St-Kansas-City-MO-64114/2431292_zpid/","https://photos.zillowstatic.com/fp/49a72578dbf4b4909195174793d9b17e-p_e.jpg","https://www.zillow.com/kansas-city-mo/?searchQueryState=%7B%22pagination%22%3A%7B%7D%2C%22isMapVisible%22%3Atrue%2C%22mapBounds%22%3A%7B%22west%22%3A-96.1006787065811%2C%22east%22%3A-93.35135009329986%2C%22south%22%3A38.694805385673604%2C%22north%22%3A39.610631280801506%7D%2C%22usersSearchTerm%22%3A%22Kansas%20City%2C%20MO%22%2C%22regionSelection%22%3A%5B%7B%22regionId%22%3A18795%2C%22regionType%22%3A6%7D%5D%2C%22filterState%22%3A%7B%22sort%22%3A%7B%22value%22%3A%22globalrelevanceex%22%7D%2C%22ah%22%3A%7B%22value%22%3Atrue%7D%2C%22tow%22%3A%7B%22value%22%3Afalse%7D%2C%22con%22%3A%7B%22value%22%3Afalse%7D%2C%22apco%22%3A%7B%22value%22%3Afalse%7D%2C%22land%22%3A%7B%22value%22%3Afalse%7D%2C%22apa%22%3A%7B%22value%22%3Afalse%7D%2C%22manu%22%3A%7B%22value%22%3Afalse%7D%7D%2C%22isListVisible%22%3Atrue%7D"
"2350706","FOR_SALE","House for sale","","225000","130","","","1575","1726","5409","sqft","3","2","5714 Brooklyn Ave, Kansas City, MO 64130","5714 Brooklyn Ave","Kansas City","MO","64130","39.022545","-94.56043","Platinum Realty","false","","","https://www.zillow.com/homedetails/5714-Brooklyn-Ave-Kansas-City-MO-64130/2350706_zpid/","https://photos.zillowstatic.com/fp/9c0ca35fb0588d5e645d9b868f8b0778-p_e.jpg","https://www.zillow.com/kansas-city-mo/?searchQueryState=%7B%22pagination%22%3A%7B%7D%2C%22isMapVisible%22%3Atrue%2C%22mapBounds%22%3A%7B%22west%22%3A-96.1006787065811%2C%22east%22%3A-93.35135009329986%2C%22south%22%3A38.694805385673604%2C%22north%22%3A39.610631280801506%7D%2C%22usersSearchTerm%22%3A%22Kansas%20City%2C%20MO%22%2C%22regionSelection%22%3A%5B%7B%22regionId%22%3A18795%2C%22regionType%22%3A6%7D%5D%2C%22filterState%22%3A%7B%22sort%22%3A%7B%22value%22%3A%22globalrelevanceex%22%7D%2C%22ah%22%3A%7B%22value%22%3Atrue%7D%2C%22tow%22%3A%7B%22value%22%3Afalse%7D%2C%22con%22%3A%7B%22value%22%3Afalse%7D%2C%22apco%22%3A%7B%22value%22%3Afalse%7D%2C%22land%22%3A%7B%22value%22%3Afalse%7D%2C%22apa%22%3A%7B%22value%22%3Afalse%7D%2C%22manu%22%3A%7B%22value%22%3Afalse%7D%7D%2C%22isListVisible%22%3Atrue%7D"
"2498675","FOR_SALE","House for sale","","499700","249","501200","250","2746","2007","3","acres","3","2","10001 NW 92nd Ter, Kansas City, MO 64153","10001 NW 92nd Ter","Kansas City","MO","64153","39.261803","-94.69692","Platinum Realty","false","","","https://www.zillow.com/homedetails/10001-NW-92nd-Ter-Kansas-City-MO-64153/2498675_zpid/","https://photos.zillowstatic.com/fp/0d4eaee7c5febe1265509a5327f0b11e-p_e.jpg","https://www.zillow.com/kansas-city-mo/?searchQueryState=%7B%22pagination%22%3A%7B%7D%2C%22isMapVisible%22%3Atrue%2C%22mapBounds%22%3A%7B%22west%22%3A-96.1006787065811%2C%22east%22%3A-93.35135009329986%2C%22south%22%3A38.694805385673604%2C%22north%22%3A39.610631280801506%7D%2C%22usersSearchTerm%22%3A%22Kansas%20City%2C%20MO%22%2C%22regionSelection%22%3A%5B%7B%22regionId%22%3A18795%2C%22regionType%22%3A6%7D%5D%2C%22filterState%22%3A%7B%22sort%22%3A%7B%22value%22%3A%22globalrelevanceex%22%7D%2C%22ah%22%3A%7B%22value%22%3Atrue%7D%2C%22tow%22%3A%7B%22value%22%3Afalse%7D%2C%22con%22%3A%7B%22value%22%3Afalse%7D%2C%22apco%22%3A%7B%22value%22%3Afalse%7D%2C%22land%22%3A%7B%22value%22%3Afalse%7D%2C%22apa%22%3A%7B%22value%22%3Afalse%7D%2C%22manu%22%3A%7B%22value%22%3Afalse%7D%7D%2C%22isListVisible%22%3Atrue%7D"
"2434500","FOR_SALE","House for sale","","240000","230","241800","232","1310","1044","0.39","acres","3","3","6704 Fairlane Dr, Kansas City, MO 64134","6704 Fairlane Dr","Kansas City","MO","64134","38.9495","-94.51112","Keller Williams Southland","false","","","https://www.zillow.com/homedetails/6704-Fairlane-Dr-Kansas-City-MO-64134/2434500_zpid/","https://photos.zillowstatic.com/fp/7081817052bf7b2c36e5f1489c8c389c-p_e.jpg","https://www.zillow.com/kansas-city-mo/?searchQueryState=%7B%22pagination%22%3A%7B%7D%2C%22isMapVisible%22%3Atrue%2C%22mapBounds%22%3A%7B%22west%22%3A-96.1006787065811%2C%22east%22%3A-93.35135009329986%2C%22south%22%3A38.694805385673604%2C%22north%22%3A39.610631280801506%7D%2C%22usersSearchTerm%22%3A%22Kansas%20City%2C%20MO%22%2C%22regionSelection%22%3A%5B%7B%22regionId%22%3A18795%2C%22regionType%22%3A6%7D%5D%2C%22filterState%22%3A%7B%22sort%22%3A%7B%22value%22%3A%22globalrelevanceex%22%7D%2C%22ah%22%3A%7B%22value%22%3Atrue%7D%2C%22tow%22%3A%7B%22value%22%3Afalse%7D%2C%22con%22%3A%7B%22value%22%3Afalse%7D%2C%22apco%22%3A%7B%22value%22%3Afalse%7D%2C%22land%22%3A%7B%22value%22%3Afalse%7D%2C%22apa%22%3A%7B%22value%22%3Afalse%7D%2C%22manu%22%3A%7B%22value%22%3Afalse%7D%7D%2C%22isListVisible%22%3Atrue%7D"
"2462000","FOR_SALE","House for sale","","165000","163","165900","164","1098","1012","8342","sqft","3","1","11209 Palmer Ave, Kansas City, MO 64134","11209 Palmer Ave","Kansas City","MO","64134","38.918938","-94.49921","Brokers Group","false","","","https://www.zillow.com/homedetails/11209-Palmer-Ave-Kansas-City-MO-64134/2462000_zpid/","https://photos.zillowstatic.com/fp/530593fb00f7f99aadf62f8f63f9d449-p_e.jpg","https://www.zillow.com/kansas-city-mo/?searchQueryState=%7B%22pagination%22%3A%7B%7D%2C%22isMapVisible%22%3Atrue%2C%22mapBounds%22%3A%7B%22west%22%3A-96.1006787065811%2C%22east%22%3A-93.35135009329986%2C%22south%22%3A38.694805385673604%2C%22north%22%3A39.610631280801506%7D%2C%22usersSearchTerm%22%3A%22Kansas%20City%2C%20MO%22%2C%22regionSelection%22%3A%5B%7B%22regionId%22%3A18795%2C%22regionType%22%3A6%7D%5D%2C%22filterState%22%3A%7B%22sort%22%3A%7B%22value%22%3A%22globalrelevanceex%22%7D%2C%22ah%22%3A%7B%22value%22%3Atrue%7D%2C%22tow%22%3A%7B%22value%22%3Afalse%7D%2C%22con%22%3A%7B%22value%22%3Afalse%7D%2C%22apco%22%3A%7B%22value%22%3Afalse%7D%2C%22land%22%3A%7B%22value%22%3Afalse%7D%2C%22apa%22%3A%7B%22value%22%3Afalse%7D%2C%22manu%22%3A%7B%22value%22%3Afalse%7D%7D%2C%22isListVisible%22%3Atrue%7D"
"81898708","FOR_SALE","New construction","","159000","58","148400","54","2466","2730","0.33000459136822774","acres","5","4","5705 N Liberty Ave, Kansas City, MO 64118","5705 N Liberty Ave","Kansas City","MO","64118","39.19891","-94.60037","Keller Williams Realty Partner","false","","","https://www.zillow.com/homedetails/5705-N-Liberty-Ave-Kansas-City-MO-64118/81898708_zpid/","https://photos.zillowstatic.com/fp/e9c2d88d3b91030e5eb3c7d4bea711cb-p_e.jpg","https://www.zillow.com/kansas-city-mo/?searchQueryState=%7B%22pagination%22%3A%7B%7D%2C%22isMapVisible%22%3Atrue%2C%22mapBounds%22%3A%7B%22west%22%3A-96.1006787065811%2C%22east%22%3A-93.35135009329986%2C%22south%22%3A38.694805385673604%2C%22north%22%3A39.610631280801506%7D%2C%22usersSearchTerm%22%3A%22Kansas%20City%2C%20MO%22%2C%22regionSelection%22%3A%5B%7B%22regionId%22%3A18795%2C%22regionType%22%3A6%7D%5D%2C%22filterState%22%3A%7B%22sort%22%3A%7B%22value%22%3A%22globalrelevanceex%22%7D%2C%22ah%22%3A%7B%22value%22%3Atrue%7D%2C%22tow%22%3A%7B%22value%22%3Afalse%7D%2C%22con%22%3A%7B%22value%22%3Afalse%7D%2C%22apco%22%3A%7B%22value%22%3Afalse%7D%2C%22land%22%3A%7B%22value%22%3Afalse%7D%2C%22apa%22%3A%7B%22value%22%3Afalse%7D%2C%22manu%22%3A%7B%22value%22%3Afalse%7D%7D%2C%22isListVisible%22%3Atrue%7D"
"2343443","FOR_SALE","House for sale","","359000","184","357600","183","2529","1950","4941","sqft","4","3","1308 W 41st St, Kansas City, MO 64111","1308 W 41st St","Kansas City","MO","64111","39.054455","-94.6022","Real Broker, LLC","false","","","https://www.zillow.com/homedetails/1308-W-41st-St-Kansas-City-MO-64111/2343443_zpid/","https://photos.zillowstatic.com/fp/2c8706aa8f8947b44b1e5928a4d7b743-p_e.jpg","https://www.zillow.com/kansas-city-mo/?searchQueryState=%7B%22pagination%22%3A%7B%7D%2C%22isMapVisible%22%3Atrue%2C%22mapBounds%22%3A%7B%22west%22%3A-96.1006787065811%2C%22east%22%3A-93.35135009329986%2C%22south%22%3A38.694805385673604%2C%22north%22%3A39.610631280801506%7D%2C%22usersSearchTerm%22%3A%22Kansas%20City%2C%20MO%22%2C%22regionSelection%22%3A%5B%7B%22regionId%22%3A18795%2C%22regionType%22%3A6%7D%5D%2C%22filterState%22%3A%7B%22sort%22%3A%7B%22value%22%3A%22globalrelevanceex%22%7D%2C%22ah%22%3A%7B%22value%22%3Atrue%7D%2C%22tow%22%3A%7B%22value%22%3Afalse%7D%2C%22con%22%3A%7B%22value%22%3Afalse%7D%2C%22apco%22%3A%7B%22value%22%3Afalse%7D%2C%22land%22%3A%7B%22value%22%3Afalse%7D%2C%22apa%22%3A%7B%22value%22%3Afalse%7D%2C%22manu%22%3A%7B%22value%22%3Afalse%7D%7D%2C%22isListVisible%22%3Atrue%7D"
"2501760","FOR_SALE","House for sale","","269000","188","256300","179","1749","1432","9078","sqft","3","2","7702 NW 72nd St, Kansas City, MO 64152","7702 NW 72nd St","Kansas City","MO","64152","39.225544","-94.67012","Wardell \u0026 Holmes Real Estate","false","","","https://www.zillow.com/homedetails/7702-NW-72nd-St-Kansas-City-MO-64152/2501760_zpid/","https://photos.zillowstatic.com/fp/7f1066f7bf5aee3d35bdc0cf7691b124-p_e.jpg","https://www.zillow.com/kansas-city-mo/?searchQueryState=%7B%22pagination%22%3A%7B%7D%2C%22isMapVisible%22%3Atrue%2C%22mapBounds%22%3A%7B%22west%22%3A-96.1006787065811%2C%22east%22%3A-93.35135009329986%2C%22south%22%3A38.694805385673604%2C%22north%22%3A39.610631280801506%7D%2C%22usersSearchTerm%22%3A%22Kansas%20City%2C%20MO%22%2C%22regionSelection%22%3A%5B%7B%22regionId%22%3A18795%2C%22regionType%22%3A6%7D%5D%2C%22filterState%22%3A%7B%22sort%22%3A%7B%22value%22%3A%22globalrelevanceex%22%7D%2C%22ah%22%3A%7B%22value%22%3Atrue%7D%2C%22tow%22%3A%7B%22value%22%3Afalse%7D%2C%22con%22%3A%7B%22value%22%3Afalse%7D%2C%22apco%22%3A%7B%22value%22%3Afalse%7D%2C%22land%22%3A%7B%22value%22%3Afalse%7D%2C%22apa%22%3A%7B%22value%22%3Afalse%7D%2C%22manu%22%3A%7B%22value%22%3Afalse%7D%7D%2C%22isListVisible%22%3Atrue%7D"
"2341351","FOR_SALE","House for sale","","399900","54","","","5330","7362","0.31081267217630854","acres","8","5","3512 Kenwood Ave, Kansas City, MO 64109","3512 Kenwood Ave","Kansas City","MO","64109","39.062828","-94.5779","Michelle O Connor Real Estate","false","","","https://www.zillow.com/homedetails/3512-Kenwood-Ave-Kansas-City-MO-64109/2341351_zpid/","https://photos.zillowstatic.com/fp/9f95824c03f80ba72351e5a8c5c70915-p_e.jpg","https://www.zillow.com/kansas-city-mo/?searchQueryState=%7B%22pagination%22%3A%7B%7D%2C%22isMapVisible%22%3Atrue%2C%22mapBounds%22%3A%7B%22west%22%3A-96.1006787065811%2C%22east%22%3A-93.35135009329986%2C%22south%22%3A38.694805385673604%2C%22north%22%3A39.610631280801506%7D%2C%22usersSearchTerm%22%3A%22Kansas%20City%2C%20MO%22%2C%22regionSelection%22%3A%5B%7B%22regionId%22%3A18795%2C%22regionType%22%3A6%7D%5D%2C%22filterState%22%3A%7B%22sort%22%3A%7B%22value%22%3A%22globalrelevanceex%22%7D%2C%22ah%22%3A%7B%22value%22%3Atrue%7D%2C%22tow%22%3A%7B%22value%22%3Afalse%7D%2C%22con%22%3A%7B%22value%22%3Afalse%7D%2C%22apco%22%3A%7B%22value%22%3Afalse%7D%2C%22land%22%3A%7B%22value%22%3Afalse%7D%2C%22apa%22%3A%7B%22value%22%3Afalse%7D%2C%22manu%22%3A%7B%22value%22%3Afalse%7D%7D%2C%22isListVisible%22%3Atrue%7D"
"2353086","FOR_SALE","House for sale","","1000000","313","1001500","313","5017","3200","0.3502295684113866","acres","3","3","1255 W 58th St, Kansas City, MO 64113","1255 W 58th St","Kansas City","MO","64113","39.0227","-94.607056","ReeceNichols - Country Club Pl","false","","","https://www.zillow.com/homedetails/1255-W-58th-St-Kansas-City-MO-64113/2353086_zpid/","https://photos.zillowstatic.com/fp/cdf57985c480bb72a39fd251b5239df9-p_e.jpg","https://www.zillow.com/kansas-city-mo/?searchQueryState=%7B%22pagination%22%3A%7B%7D%2C%22isMapVisible%22%3Atrue%2C%22mapBounds%22%3A%7B%22west%22%3A-96.1006787065811%2C%22east%22%3A-93.35135009329986%2C%22south%22%3A38.694805385673604%2C%22north%22%3A39.610631280801506%7D%2C%22usersSearchTerm%22%3A%22Kansas%20City%2C%20MO%22%2C%22regionSelection%22%3A%5B%7B%22regionId%22%3A18795%2C%22regionType%22%3A6%7D%5D%2C%22filterState%22%3A%7B%22sort%22%3A%7B%22value%22%3A%22globalrelevanceex%22%7D%2C%22ah%22%3A%7B%22value%22%3Atrue%7D%2C%22tow%22%3A%7B%22value%22%3Afalse%7D%2C%22con%22%3A%7B%22value%22%3Afalse%7D%2C%22apco%22%3A%7B%22value%22%3Afalse%7D%2C%22land%22%3A%7B%22value%22%3Afalse%7D%2C%22apa%22%3A%7B%22value%22%3Afalse%7D%2C%22manu%22%3A%7B%22value%22%3Afalse%7D%7D%2C%22isListVisible%22%3Atrue%7D"
"2359716","FOR_SALE","House for sale","","217500","138","214900","136","1350","1576","0.3","acres","3","2","5071 Glenside Dr, Kansas City, MO 64129","5071 Glenside Dr","Kansas City","MO","64129","39.033443","-94.51134","Keller Williams Southland","false","","","https://www.zillow.com/homedetails/5071-Glenside-Dr-Kansas-City-MO-64129/2359716_zpid/","https://photos.zillowstatic.com/fp/58e6051d98b52d943e90ef3a81201425-p_e.jpg","https://www.zillow.com/kansas-city-mo/?searchQueryState=%7B%22pagination%22%3A%7B%7D%2C%22isMapVisible%22%3Atrue%2C%22mapBounds%22%3A%7B%22west%22%3A-96.1006787065811%2C%22east%22%3A-93.35135009329986%2C%22south%22%3A38.694805385673604%2C%22north%22%3A39.610631280801506%7D%2C%22usersSearchTerm%22%3A%22Kansas%20City%2C%20MO%22%2C%22regionSelection%22%3A%5B%7B%22regionId%22%3A18795%2C%22regionType%22%3A6%7D%5D%2C%22filterState%22%3A%7B%22sort%22%3A%7B%22value%22%3A%22globalrelevanceex%22%7D%2C%22ah%22%3A%7B%22value%22%3Atrue%7D%2C%22tow%22%3A%7B%22value%22%3Afalse%7D%2C%22con%22%3A%7B%22value%22%3Afalse%7D%2C%22apco%22%3A%7B%22value%22%3Afalse%7D%2C%22land%22%3A%7B%22value%22%3Afalse%7D%2C%22apa%22%3A%7B%22value%22%3Afalse%7D%2C%22manu%22%3A%7B%22value%22%3Afalse%7D%7D%2C%22isListVisible%22%3Atrue%7D"
"2350267","FOR_SALE","House for sale","","145000","114","","","1448","1272","4453","sqft","3","2","5509 Garfield Ave, Kansas City, MO 64130","5509 Garfield Ave","Kansas City","MO","64130","39.02634","-94.56066","Platinum Realty","false","","","https://www.zillow.com/homedetails/5509-Garfield-Ave-Kansas-City-MO-64130/2350267_zpid/","https://photos.zillowstatic.com/fp/579c1b7bad2806d2b25a1596f9dd4619-p_e.jpg","https://www.zillow.com/kansas-city-mo/?searchQueryState=%7B%22pagination%22%3A%7B%7D%2C%22isMapVisible%22%3Atrue%2C%22mapBounds%22%3A%7B%22west%22%3A-96.1006787065811%2C%22east%22%3A-93.35135009329986%2C%22south%22%3A38.694805385673604%2C%22north%22%3A39.610631280801506%7D%2C%22usersSearchTerm%22%3A%22Kansas%20City%2C%20MO%22%2C%22regionSelection%22%3A%5B%7B%22regionId%22%3A18795%2C%22regionType%22%3A6%7D%5D%2C%22filterState%22%3A%7B%22sort%22%3A%7B%22value%22%3A%22globalrelevanceex%22%7D%2C%22ah%22%3A%7B%22value%22%3Atrue%7D%2C%22tow%22%3A%7B%22value%22%3Afalse%7D%2C%22con%22%3A%7B%22value%22%3Afalse%7D%2C%22apco%22%3A%7B%22value%22%3Afalse%7D%2C%22land%22%3A%7B%22value%22%3Afalse%7D%2C%22apa%22%3A%7B%22value%22%3Afalse%7D%2C%22manu%22%3A%7B%22value%22%3Afalse%7D%7D%2C%22isListVisible%22%3Atrue%7D"
"2410292","FOR_SALE","House for sale","","159500","170","154100","164","1181","939","5534","sqft","3","1","7021 College Ave, Kansas City, MO 64132","7021 College Ave","Kansas City","MO","64132","38.998707","-94.54843","Keller Williams Southland","false","","","https://www.zillow.com/homedetails/7021-College-Ave-Kansas-City-MO-64132/2410292_zpid/","https://photos.zillowstatic.com/fp/49d4be0fc4bffbfd3e4913711eef9ec8-p_e.jpg","https://www.zillow.com/kansas-city-mo/?searchQueryState=%7B%22pagination%22%3A%7B%7D%2C%22isMapVisible%22%3Atrue%2C%22mapBounds%22%3A%7B%22west%22%3A-96.1006787065811%2C%22east%22%3A-93.35135009329986%2C%22south%22%3A38.694805385673604%2C%22north%22%3A39.610631280801506%7D%2C%22usersSearchTerm%22%3A%22Kansas%20City%2C%20MO%22%2C%22regionSelection%22%3A%5B%7B%22regionId%22%3A18795%2C%22regionType%22%3A6%7D%5D%2C%22filterState%22%3A%7B%22sort%22%3A%7B%22value%22%3A%22globalrelevanceex%22%7D%2C%22ah%22%3A%7B%22value%22%3Atrue%7D%2C%22tow%22%3A%7B%22value%22%3Afalse%7D%2C%22con%22%3A%7B%22value%22%3Afalse%7D%2C%22apco%22%3A%7B%22value%22%3Afalse%7D%2C%22land%22%3A%7B%22value%22%3Afalse%7D%2C%22apa%22%3A%7B%22value%22%3Afalse%7D%2C%22manu%22%3A%7B%22value%22%3Afalse%7D%7D%2C%22isListVisible%22%3Atrue%7D"
"2498771","FOR_SALE","House for sale","","324990","190","325900","190","2100","1712","9274","sqft","3","3","8611 N Winan Ave, Kansas City, MO 64153","8611 N Winan Ave","Kansas City","MO","64153","39.251034","-94.69674","Greater Kansas City Realty","false","","","https://www.zillow.com/homedetails/8611-N-Winan-Ave-Kansas-City-MO-64153/2498771_zpid/","https://photos.zillowstatic.com/fp/dc6e6df74d029f3472afed8fa8cd0d43-p_e.jpg","https://www.zillow.com/kansas-city-mo/?searchQueryState=%7B%22pagination%22%3A%7B%7D%2C%22isMapVisible%22%3Atrue%2C%22mapBounds%22%3A%7B%22west%22%3A-96.1006787065811%2C%22east%22%3A-93.35135009329986%2C%22south%22%3A38.694805385673604%2C%22north%22%3A39.610631280801506%7D%2C%22usersSearchTerm%22%3A%22Kansas%20City%2C%20MO%22%2C%22regionSelection%22%3A%5B%7B%22regionId%22%3A18795%2C%22regionType%22%3A6%7D%5D%2C%22filterState%22%3A%7B%22sort%22%3A%7B%22value%22%3A%22globalrelevanceex%22%7D%2C%22ah%22%3A%7B%22value%22%3Atrue%7D%2C%22tow%22%3A%7B%22value%22%3Afalse%7D%2C%22con%22%3A%7B%22value%22%3Afalse%7D%2C%22apco%22%3A%7B%22value%22%3Afalse%7D%2C%22land%22%3A%7B%22value%22%3Afalse%7D%2C%22apa%22%3A%7B%22value%22%3Afalse%7D%2C%22manu%22%3A%7B%22value%22%3Afalse%7D%7D%2C%22isListVisible%22%3Atrue%7D"
"2430474","FOR_SALE","House for sale","","400000","210","401300","211","1994","1906","0.5431359044995409","acres","3","2","9601 Madison Ave, Kansas City, MO 64114","9601 Madison Ave","Kansas City","MO","64114","38.95405","-94.60096","EXP Realty LLC","false","","","https://www.zillow.com/homedetails/9601-Madison-Ave-Kansas-City-MO-64114/2430474_zpid/","https://photos.zillowstatic.com/fp/3bc5e0e326c950825206f5b803998142-p_e.jpg","https://www.zillow.com/kansas-city-mo/?searchQueryState=%7B%22pagination%22%3A%7B%7D%2C%22isMapVisible%22%3Atrue%2C%22mapBounds%22%3A%7B%22west%22%3A-96.1006787065811%2C%22east%22%3A-93.35135009329986%2C%22south%22%3A38.694805385673604%2C%22north%22%3A39.610631280801506%7D%2C%22usersSearchTerm%22%3A%22Kansas%20City%2C%20MO%22%2C%22regionSelection%22%3A%5B%7B%22regionId%22%3A18795%2C%22regionType%22%3A6%7D%5D%2C%22filterState%22%3A%7B%22sort%22%3A%7B%22value%22%3A%22globalrelevanceex%22%7D%2C%22ah%22%3A%7B%22value%22%3Atrue%7D%2C%22tow%22%3A%7B%22value%22%3Afalse%7D%2C%22con%22%3A%7B%22value%22%3Afalse%7D%2C%22apco%22%3A%7B%22value%22%3Afalse%7D%2C%22land%22%3A%7B%22value%22%3Afalse%7D%2C%22apa%22%3A%7B%22value%22%3Afalse%7D%2C%22manu%22%3A%7B%22value%22%3Afalse%7D%7D%2C%22isListVisible%22%3Atrue%7D"
"2440733","FOR_SALE","House for sale","","227000","111","226600","111","1855","2037","0.2508034894398531","acres","3","3","7908 E 96th St, Kansas City, MO 64134","7908 E 96th St","Kansas City","MO","64134","38.950695","-94.49709","Keller Williams KC North","false","","","https://www.zillow.com/homedetails/7908-E-96th-St-Kansas-City-MO-64134/2440733_zpid/","https://photos.zillowstatic.com/fp/bcd7d6c334ff077f3b3256c3f0e21fac-p_e.jpg","https://www.zillow.com/kansas-city-mo/?searchQueryState=%7B%22pagination%22%3A%7B%7D%2C%22isMapVisible%22%3Atrue%2C%22mapBounds%22%3A%7B%22west%22%3A-96.1006787065811%2C%22east%22%3A-93.35135009329986%2C%22south%22%3A38.694805385673604%2C%22north%22%3A39.610631280801506%7D%2C%22usersSearchTerm%22%3A%22Kansas%20City%2C%20MO%22%2C%22regionSelection%22%3A%5B%7B%22regionId%22%3A18795%2C%22regionType%22%3A6%7D%5D%2C%22filterState%22%3A%7B%22sort%22%3A%7B%22value%22%3A%22globalrelevanceex%22%7D%2C%22ah%22%3A%7B%22value%22%3Atrue%7D%2C%22tow%22%3A%7B%22value%22%3Afalse%7D%2C%22con%22%3A%7B%22value%22%3Afalse%7D%2C%22apco%22%3A%7B%22value%22%3Afalse%7D%2C%22land%22%3A%7B%22value%22%3Afalse%7D%2C%22apa%22%3A%7B%22value%22%3Afalse%7D%2C%22manu%22%3A%7B%22value%22%3Afalse%7D%7D%2C%22isListVisible%22%3Atrue%7D"
"66452248","FOR_SALE","House for sale","","215000","154","201400","144","1700","1400","6534","sqft","4","2","7116 NE 46th St, Kansas City, MO 64117","7116 NE 46th St","Kansas City","MO","64117","39.177612","-94.49607","Platinum Realty","false","","","https://www.zillow.com/homedetails/7116-NE-46th-St-Kansas-City-MO-64117/66452248_zpid/","https://photos.zillowstatic.com/fp/c8939da2cf75188d308465fbe1f837ba-p_e.jpg","https://www.zillow.com/kansas-city-mo/?searchQueryState=%7B%22pagination%22%3A%7B%7D%2C%22isMapVisible%22%3Atrue%2C%22mapBounds%22%3A%7B%22west%22%3A-96.1006787065811%2C%22east%22%3A-93.35135009329986%2C%22south%22%3A38.694805385673604%2C%22north%22%3A39.610631280801506%7D%2C%22usersSearchTerm%22%3A%22Kansas%20City%2C%20MO%22%2C%22regionSelection%22%3A%5B%7B%22regionId%22%3A18795%2C%22regionType%22%3A6%7D%5D%2C%22filterState%22%3A%7B%22sort%22%3A%7B%22value%22%3A%22globalrelevanceex%22%7D%2C%22ah%22%3A%7B%22value%22%3Atrue%7D%2C%22tow%22%3A%7B%22value%22%3Afalse%7D%2C%22con%22%3A%7B%22value%22%3Afalse%7D%2C%22apco%22%3A%7B%22value%22%3Afalse%7D%2C%22land%22%3A%7B%22value%22%3Afalse%7D%2C%22apa%22%3A%7B%22value%22%3Afalse%7D%2C%22manu%22%3A%7B%22value%22%3Afalse%7D%7D%2C%22isListVisible%22%3Atrue%7D"
"2464862","FOR_SALE","House for sale","","259000","137","257400","137","1450","1884","9120","sqft","3","3","10708 Fremont Ave, Kansas City, MO 64134","10708 Fremont Ave","Kansas City","MO","64134","38.93026","-94.51626","Chartwell Realty LLC","false","","","https://www.zillow.com/homedetails/10708-Fremont-Ave-Kansas-City-MO-64134/2464862_zpid/","https://photos.zillowstatic.com/fp/482ed0305e937e65113a830bd65f198a-p_e.jpg","https://www.zillow.com/kansas-city-mo/?searchQueryState=%7B%22pagination%22%3A%7B%7D%2C%22isMapVisible%22%3Atrue%2C%22mapBounds%22%3A%7B%22west%22%3A-96.1006787065811%2C%22east%22%3A-93.35135009329986%2C%22south%22%3A38.694805385673604%2C%22north%22%3A39.610631280801506%7D%2C%22usersSearchTerm%22%3A%22Kansas%20City%2C%20MO%22%2C%22regionSelection%22%3A%5B%7B%22regionId%22%3A18795%2C%22regionType%22%3A6%7D%5D%2C%22filterState%22%3A%7B%22sort%22%3A%7B%22value%22%3A%22globalrelevanceex%22%7D%2C%22ah%22%3A%7B%22value%22%3Atrue%7D%2C%22tow%22%3A%7B%22value%22%3Afalse%7D%2C%22con%22%3A%7B%22value%22%3Afalse%7D%2C%22apco%22%3A%7B%22value%22%3Afalse%7D%2C%22land%22%3A%7B%22value%22%3Afalse%7D%2C%22apa%22%3A%7B%22value%22%3Afalse%7D%2C%22manu%22%3A%7B%22value%22%3Afalse%7D%7D%2C%22isListVisible%22%3Atrue%7D"
"2432139","FOR_SALE","House for sale","","269999","161","270000","161","1700","1681","10018.8","sqft","3","3","10110 Virginia Ave, Kansas City, MO 64131","10110 Virginia Ave","Kansas City","MO","64131","38.943783","-94.57483","Kansas City Realty","false","","","https://www.zillow.com/homedetails/10110-Virginia-Ave-Kansas-City-MO-64131/2432139_zpid/","https://photos.zillowstatic.com/fp/f618b999eccafc9cccaba422513376a2-p_e.jpg","https://www.zillow.com/kansas-city-mo/?searchQueryState=%7B%22pagination%22%3A%7B%7D%2C%22isMapVisible%22%3Atrue%2C%22mapBounds%22%3A%7B%22west%22%3A-96.1006787065811%2C%22east%22%3A-93.35135009329986%2C%22south%22%3A38.694805385673604%2C%22north%22%3A39.610631280801506%7D%2C%22usersSearchTerm%22%3A%22Kansas%20City%2C%20MO%22%2C%22regionSelection%22%3A%5B%7B%22regionId%22%3A18795%2C%22regionType%22%3A6%7D%5D%2C%22filterState%22%3A%7B%22sort%22%3A%7B%22value%22%3A%22globalrelevanceex%22%7D%2C%22ah%22%3A%7B%22value%22%3Atrue%7D%2C%22tow%22%3A%7B%22value%22%3Afalse%7D%2C%22con%22%3A%7B%22value%22%3Afalse%7D%2C%22apco%22%3A%7B%22value%22%3Afalse%7D%2C%22land%22%3A%7B%22value%22%3Afalse%7D%2C%22apa%22%3A%7B%22value%22%3Afalse%7D%2C%22manu%22%3A%7B%22value%22%3Afalse%7D%7D%2C%22isListVisible%22%3Atrue%7D"
"66454842","FOR_SALE","House for sale","","415000","144","416200","144","2481","2888","0.5599999999999999","acres","3","3","9429 N Ditzler Ave, Kansas City, MO 64157","9429 N Ditzler Ave","Kansas City","MO","64157","39.26522","-94.46596","Keller Williams KC North","false","","","https://www.zillow.com/homedetails/9429-N-Ditzler-Ave-Kansas-City-MO-64157/66454842_zpid/","https://photos.zillowstatic.com/fp/9e6e10baf22a9d2db7ef98301127ce15-p_e.jpg","https://www.zillow.com/kansas-city-mo/?searchQueryState=%7B%22pagination%22%3A%7B%7D%2C%22isMapVisible%22%3Atrue%2C%22mapBounds%22%3A%7B%22west%22%3A-96.1006787065811%2C%22east%22%3A-93.35135009329986%2C%22south%22%3A38.694805385673604%2C%22north%22%3A39.610631280801506%7D%2C%22usersSearchTerm%22%3A%22Kansas%20City%2C%20MO%22%2C%22regionSelection%22%3A%5B%7B%22regionId%22%3A18795%2C%22regionType%22%3A6%7D%5D%2C%22filterState%22%3A%7B%22sort%22%3A%7B%22value%22%3A%22globalrelevanceex%22%7D%2C%22ah%22%3A%7B%22value%22%3Atrue%7D%2C%22tow%22%3A%7B%22value%22%3Afalse%7D%2C%22con%22%3A%7B%22value%22%3Afalse%7D%2C%22apco%22%3A%7B%22value%22%3Afalse%7D%2C%22land%22%3A%7B%22value%22%3Afalse%7D%2C%22apa%22%3A%7B%22value%22%3Afalse%7D%2C%22manu%22%3A%7B%22value%22%3Afalse%7D%7D%2C%22isListVisible%22%3Atrue%7D"
"2350618","FOR_SALE","House for sale","","69500","105","65800","100","1066","660","4797","sqft","3","1","5706 Wabash Ave, Kansas City, MO 64130","5706 Wabash Ave","Kansas City","MO","64130","39.02265","-94.55692","KW KANSAS CITY METRO","false","","","https://www.zillow.com/homedetails/5706-Wabash-Ave-Kansas-City-MO-64130/2350618_zpid/","https://photos.zillowstatic.com/fp/be3664b965b6cb657d29eeef19f5a4a6-p_e.jpg","https://www.zillow.com/kansas-city-mo/?searchQueryState=%7B%22pagination%22%3A%7B%7D%2C%22isMapVisible%22%3Atrue%2C%22mapBounds%22%3A%7B%22west%22%3A-96.1006787065811%2C%22east%22%3A-93.35135009329986%2C%22south%22%3A38.694805385673604%2C%22north%22%3A39.610631280801506%7D%2C%22usersSearchTerm%22%3A%22Kansas%20City%2C%20MO%22%2C%22regionSelection%22%3A%5B%7B%22regionId%22%3A18795%2C%22regionType%22%3A6%7D%5D%2C%22filterState%22%3A%7B%22sort%22%3A%7B%22value%22%3A%22globalrelevanceex%22%7D%2C%22ah%22%3A%7B%22value%22%3Atrue%7D%2C%22tow%22%3A%7B%22value%22%3Afalse%7D%2C%22con%22%3A%7B%22value%22%3Afalse%7D%2C%22apco%22%3A%7B%22value%22%3Afalse%7D%2C%22land%22%3A%7B%22value%22%3Afalse%7D%2C%22apa%22%3A%7B%22value%22%3Afalse%7D%2C%22manu%22%3A%7B%22value%22%3Afalse%7D%7D%2C%22isListVisible%22%3Atrue%7D"
"66446577","FOR_SALE","House for sale","","285000","188","287900","190","1749","1514","0.45","acres","3","2","3632 NE West Park Dr, Kansas City, MO 64116","3632 NE West Park Dr","Kansas City","MO","64116","39.162346","-94.57996","Keller Williams KC North","false","","","https://www.zillow.com/homedetails/3632-NE-West-Park-Dr-Kansas-City-MO-64116/66446577_zpid/","https://photos.zillowstatic.com/fp/e1f59f68c7556223dc98505fa75fa4ad-p_e.jpg","https://www.zillow.com/kansas-city-mo/?searchQueryState=%7B%22pagination%22%3A%7B%7D%2C%22isMapVisible%22%3Atrue%2C%22mapBounds%22%3A%7B%22west%22%3A-96.1006787065811%2C%22east%22%3A-93.35135009329986%2C%22south%22%3A38.694805385673604%2C%22north%22%3A39.610631280801506%7D%2C%22usersSearchTerm%22%3A%22Kansas%20City%2C%20MO%22%2C%22regionSelection%22%3A%5B%7B%22regionId%22%3A18795%2C%22regionType%22%3A6%7D%5D%2C%22filterState%22%3A%7B%22sort%22%3A%7B%22value%22%3A%22globalrelevanceex%22%7D%2C%22ah%22%3A%7B%22value%22%3Atrue%7D%2C%22tow%22%3A%7B%22value%22%3Afalse%7D%2C%22con%22%3A%7B%22value%22%3Afalse%7D%2C%22apco%22%3A%7B%22value%22%3Afalse%7D%2C%22land%22%3A%7B%22value%22%3Afalse%7D%2C%22apa%22%3A%7B%22value%22%3Afalse%7D%2C%22manu%22%3A%7B%22value%22%3Afalse%7D%7D%2C%22isListVisible%22%3Atrue%7D"
"2333222","FOR_SALE","Multi-family home for sale","","224950","","223200","","1406","","8712","sqft","","2","3012 College Ave, Kansas City, MO 64128","3012 College Ave","Kansas City","MO","64128","39.070816","-94.54516","KW KANSAS CITY METRO","false","","","https://www.zillow.com/homedetails/3012-College-Ave-Kansas-City-MO-64128/2333222_zpid/","https://photos.zillowstatic.com/fp/04eba82c71cb10ab9749e1d488c846c3-p_e.jpg","https://www.zillow.com/kansas-city-mo/?searchQueryState=%7B%22pagination%22%3A%7B%7D%2C%22isMapVisible%22%3Atrue%2C%22mapBounds%22%3A%7B%22west%22%3A-96.1006787065811%2C%22east%22%3A-93.35135009329986%2C%22south%22%3A38.694805385673604%2C%22north%22%3A39.610631280801506%7D%2C%22usersSearchTerm%22%3A%22Kansas%20City%2C%20MO%22%2C%22regionSelection%22%3A%5B%7B%22regionId%22%3A18795%2C%22regionType%22%3A6%7D%5D%2C%22filterState%22%3A%7B%22sort%22%3A%7B%22value%22%3A%22globalrelevanceex%22%7D%2C%22ah%22%3A%7B%22value%22%3Atrue%7D%2C%22tow%22%3A%7B%22value%22%3Afalse%7D%2C%22con%22%3A%7B%22value%22%3Afalse%7D%2C%22apco%22%3A%7B%22value%22%3Afalse%7D%2C%22land%22%3A%7B%22value%22%3Afalse%7D%2C%22apa%22%3A%7B%22value%22%3Afalse%7D%2C%22manu%22%3A%7B%22value%22%3Afalse%7D%7D%2C%22isListVisible%22%3Atrue%7D"
"2344215","FOR_SALE","House for sale","","425000","266","422600","264","2699","1598","4791.6","sqft","3","3","4467 Pennsylvania Ave, Kansas City, MO 64111","4467 Pennsylvania Ave","Kansas City","MO","64111","39.045506","-94.59298","Compass Realty Group","false","","","https://www.zillow.com/homedetails/4467-Pennsylvania-Ave-Kansas-City-MO-64111/2344215_zpid/","https://photos.zillowstatic.com/fp/90866a9e397a452ff9bfccb240454985-p_e.jpg","https://www.zillow.com/kansas-city-mo/?searchQueryState=%7B%22pagination%22%3A%7B%7D%2C%22isMapVisible%22%3Atrue%2C%22mapBounds%22%3A%7B%22west%22%3A-96.1006787065811%2C%22east%22%3A-93.35135009329986%2C%22south%22%3A38.694805385673604%2C%22north%22%3A39.610631280801506%7D%2C%22usersSearchTerm%22%3A%22Kansas%20City%2C%20MO%22%2C%22regionSelection%22%3A%5B%7B%22regionId%22%3A18795%2C%22regionType%22%3A6%7D%5D%2C%22filterState%22%3A%7B%22sort%22%3A%7B%22value%22%3A%22globalrelevanceex%22%7D%2C%22ah%22%3A%7B%22value%22%3Atrue%7D%2C%22tow%22%3A%7B%22value%22%3Afalse%7D%2C%22con%22%3A%7B%22value%22%3Afalse%7D%2C%22apco%22%3A%7B%22value%22%3Afalse%7D%2C%22land%22%3A%7B%22value%22%3Afalse%7D%2C%22apa%22%3A%7B%22value%22%3Afalse%7D%2C%22manu%22%3A%7B%22value%22%3Afalse%7D%7D%2C%22isListVisible%22%3Atrue%7D"
"2441528","FOR_SALE","House for sale","","297000","128","298800","129","1867","2318","0.2907483930211203","acres","3","3","9412 Ralston Ave, Kansas City, MO 64138","9412 Ralston Ave","Kansas City","MO","64138","38.951412","-94.45834","ReeceNichols - Lees Summit","false","","","https://www.zillow.com/homedetails/9412-Ralston-Ave-Kansas-City-MO-64138/2441528_zpid/","https://photos.zillowstatic.com/fp/d11023d2417d7a996aa8130eafd8f432-p_e.jpg","https://www.zillow.com/kansas-city-mo/?searchQueryState=%7B%22pagination%22%3A%7B%7D%2C%22isMapVisible%22%3Atrue%2C%22mapBounds%22%3A%7B%22west%22%3A-96.1006787065811%2C%22east%22%3A-93.35135009329986%2C%22south%22%3A38.694805385673604%2C%22north%22%3A39.610631280801506%7D%2C%22usersSearchTerm%22%3A%22Kansas%20City%2C%20MO%22%2C%22regionSelection%22%3A%5B%7B%22regionId%22%3A18795%2C%22regionType%22%3A6%7D%5D%2C%22filterState%22%3A%7B%22sort%22%3A%7B%22value%22%3A%22globalrelevanceex%22%7D%2C%22ah%22%3A%7B%22value%22%3Atrue%7D%2C%22tow%22%3A%7B%22value%22%3Afalse%7D%2C%22con%22%3A%7B%22value%22%3Afalse%7D%2C%22apco%22%3A%7B%22value%22%3Afalse%7D%2C%22land%22%3A%7B%22value%22%3Afalse%7D%2C%22apa%22%3A%7B%22value%22%3Afalse%7D%2C%22manu%22%3A%7B%22value%22%3Afalse%7D%7D%2C%22isListVisible%22%3Atrue%7D"
"326648026","FOR_SALE","New construction","","399900","205","386500","198","1990","1950","0","sqft","4","3","8501 NE 104th Ter, Kansas City, MO 64157","8501 NE 104th Ter","Kansas City","MO","64157","39.281395","-94.47901","Reliable Home Group","false","","","https://www.zillow.com/homedetails/8501-NE-104th-Ter-Kansas-City-MO-64157/326648026_zpid/","https://photos.zillowstatic.com/fp/6dc0f58596bca704aa27eac91d195755-p_e.jpg","https://www.zillow.com/kansas-city-mo/?searchQueryState=%7B%22pagination%22%3A%7B%7D%2C%22isMapVisible%22%3Atrue%2C%22mapBounds%22%3A%7B%22west%22%3A-96.1006787065811%2C%22east%22%3A-93.35135009329986%2C%22south%22%3A38.694805385673604%2C%22north%22%3A39.610631280801506%7D%2C%22usersSearchTerm%22%3A%22Kansas%20City%2C%20MO%22%2C%22regionSelection%22%3A%5B%7B%22regionId%22%3A18795%2C%22regionType%22%3A6%7D%5D%2C%22filterState%22%3A%7B%22sort%22%3A%7B%22value%22%3A%22globalrelevanceex%22%7D%2C%22ah%22%3A%7B%22value%22%3Atrue%7D%2C%22tow%22%3A%7B%22value%22%3Afalse%7D%2C%22con%22%3A%7B%22value%22%3Afalse%7D%2C%22apco%22%3A%7B%22value%22%3Afalse%7D%2C%22land%22%3A%7B%22value%22%3Afalse%7D%2C%22apa%22%3A%7B%22value%22%3Afalse%7D%2C%22manu%22%3A%7B%22value%22%3Afalse%7D%7D%2C%22isListVisible%22%3Atrue%7D"
"61636007","FOR_SALE","House for sale","","499950","125","499400","125","2602","4003","0.3616620752984389","acres","5","4","7721 Teal Pl, Kansas City, MO 64139","7721 Teal Pl","Kansas City","MO","64139","38.97819","-94.39228","ReeceNichols - Lees Summit","false","","","https://www.zillow.com/homedetails/7721-Teal-Pl-Kansas-City-MO-64139/61636007_zpid/","https://photos.zillowstatic.com/fp/71f4e420696a0f51854a1663b0f4f4fa-p_e.jpg","https://www.zillow.com/kansas-city-mo/?searchQueryState=%7B%22pagination%22%3A%7B%7D%2C%22isMapVisible%22%3Atrue%2C%22mapBounds%22%3A%7B%22west%22%3A-96.1006787065811%2C%22east%22%3A-93.35135009329986%2C%22south%22%3A38.694805385673604%2C%22north%22%3A39.610631280801506%7D%2C%22usersSearchTerm%22%3A%22Kansas%20City%2C%20MO%22%2C%22regionSelection%22%3A%5B%7B%22regionId%22%3A18795%2C%22regionType%22%3A6%7D%5D%2C%22filterState%22%3A%7B%22sort%22%3A%7B%22value%22%3A%22globalrelevanceex%22%7D%2C%22ah%22%3A%7B%22value%22%3Atrue%7D%2C%22tow%22%3A%7B%22value%22%3Afalse%7D%2C%22con%22%3A%7B%22value%22%3Afalse%7D%2C%22apco%22%3A%7B%22value%22%3Afalse%7D%2C%22land%22%3A%7B%22value%22%3Afalse%7D%2C%22apa%22%3A%7B%22value%22%3Afalse%7D%2C%22manu%22%3A%7B%22value%22%3Afalse%7D%7D%2C%22isListVisible%22%3Atrue%7D"
"2067375371","FOR_SALE","House for sale","","434900","196","408200","184","2596","2218","10300","sqft","4","4","11715 N Laurel Ave, Kansas City, MO 64157","11715 N Laurel Ave","Kansas City","MO","64157","39.306175","-94.466194","ReeceNichols-KCN","false","","","https://www.zillow.com/homedetails/11715-N-Laurel-Ave-Kansas-City-MO-64157/2067375371_zpid/","https://photos.zillowstatic.com/fp/7428c679ffb77900055370deec7366c4-p_e.jpg","https://www.zillow.com/kansas-city-mo/?searchQueryState=%7B%22pagination%22%3A%7B%7D%2C%22isMapVisible%22%3Atrue%2C%22mapBounds%22%3A%7B%22west%22%3A-96.1006787065811%2C%22east%22%3A-93.35135009329986%2C%22south%22%3A38.694805385673604%2C%22north%22%3A39.610631280801506%7D%2C%22usersSearchTerm%22%3A%22Kansas%20City%2C%20MO%22%2C%22regionSelection%22%3A%5B%7B%22regionId%22%3A18795%2C%22regionType%22%3A6%7D%5D%2C%22filterState%22%3A%7B%22sort%22%3A%7B%22value%22%3A%22globalrelevanceex%22%7D%2C%22ah%22%3A%7B%22value%22%3Atrue%7D%2C%22tow%22%3A%7B%22value%22%3Afalse%7D%2C%22con%22%3A%7B%22value%22%3Afalse%7D%2C%22apco%22%3A%7B%22value%22%3Afalse%7D%2C%22land%22%3A%7B%22value%22%3Afalse%7D%2C%22apa%22%3A%7B%22value%22%3Afalse%7D%2C%22manu%22%3A%7B%22value%22%3Afalse%7D%7D%2C%22isListVisible%22%3Atrue%7D"
"2353037","FOR_SALE","House for sale","","9350000","745","8180600","652","48852","12554","3.4","acres","8","9","1228 W 56th St, Kansas City, MO 64113","1228 W 56th St","Kansas City","MO","64113","39.02693","-94.60578","Keller Williams Realty Partner","false","","","https://www.zillow.com/homedetails/1228-W-56th-St-Kansas-City-MO-64113/2353037_zpid/","https://photos.zillowstatic.com/fp/431cdc1bf1fabe780fb04e55748276eb-p_e.jpg","https://www.zillow.com/kansas-city-mo/?searchQueryState=%7B%22pagination%22%3A%7B%7D%2C%22isMapVisible%22%3Atrue%2C%22mapBounds%22%3A%7B%22west%22%3A-96.1006787065811%2C%22east%22%3A-93.35135009329986%2C%22south%22%3A38.694805385673604%2C%22north%22%3A39.610631280801506%7D%2C%22usersSearchTerm%22%3A%22Kansas%20City%2C%20MO%22%2C%22regionSelection%22%3A%5B%7B%22regionId%22%3A18795%2C%22regionType%22%3A6%7D%5D%2C%22filterState%22%3A%7B%22sort%22%3A%7B%22value%22%3A%22globalrelevanceex%22%7D%2C%22ah%22%3A%7B%22value%22%3Atrue%7D%2C%22tow%22%3A%7B%22value%22%3Afalse%7D%2C%22con%22%3A%7B%22value%22%3Afalse%7D%2C%22apco%22%3A%7B%22value%22%3Afalse%7D%2C%22land%22%3A%7B%22value%22%3Afalse%7D%2C%22apa%22%3A%7B%22value%22%3Afalse%7D%2C%22manu%22%3A%7B%22value%22%3Afalse%7D%7D%2C%22isListVisible%22%3Atrue%7D"
"2363648","FOR_SALE","House for sale","","185000","149","183000","147","1400","1244","9583.2","sqft","3","2","7508 E 49th Ter, Kansas City, MO 64129","7508 E 49th Ter","Kansas City","MO","64129","39.03429","-94.49696","T Nick Real Estate Services, I","false","","","https://www.zillow.com/homedetails/7508-E-49th-Ter-Kansas-City-MO-64129/2363648_zpid/","https://photos.zillowstatic.com/fp/876686ab15d9ad1e708d2ec534ba3b9a-p_e.jpg","https://www.zillow.com/kansas-city-mo/?searchQueryState=%7B%22pagination%22%3A%7B%7D%2C%22isMapVisible%22%3Atrue%2C%22mapBounds%22%3A%7B%22west%22%3A-96.1006787065811%2C%22east%22%3A-93.35135009329986%2C%22south%22%3A38.694805385673604%2C%22north%22%3A39.610631280801506%7D%2C%22usersSearchTerm%22%3A%22Kansas%20City%2C%20MO%22%2C%22regionSelection%22%3A%5B%7B%22regionId%22%3A18795%2C%22regionType%22%3A6%7D%5D%2C%22filterState%22%3A%7B%22sort%22%3A%7B%22value%22%3A%22globalrelevanceex%22%7D%2C%22ah%22%3A%7B%22value%22%3Atrue%7D%2C%22tow%22%3A%7B%22value%22%3Afalse%7D%2C%22con%22%3A%7B%22value%22%3Afalse%7D%2C%22apco%22%3A%7B%22value%22%3Afalse%7D%2C%22land%22%3A%7B%22value%22%3Afalse%7D%2C%22apa%22%3A%7B%22value%22%3Afalse%7D%2C%22manu%22%3A%7B%22value%22%3Afalse%7D%7D%2C%22isListVisible%22%3Atrue%7D"
"2431411","FOR_SALE","House for sale","","289950","116","284400","114","2178","2493","10362","sqft","4","3","9818 Walnut St, Kansas City, MO 64114","9818 Walnut St","Kansas City","MO","64114","38.94965","-94.59074","John Moffitt \u0026 Associates","false","","","https://www.zillow.com/homedetails/9818-Walnut-St-Kansas-City-MO-64114/2431411_zpid/","https://photos.zillowstatic.com/fp/cecd67c407f1dbe981994b5d3a447947-p_e.jpg","https://www.zillow.com/kansas-city-mo/?searchQueryState=%7B%22pagination%22%3A%7B%7D%2C%22isMapVisible%22%3Atrue%2C%22mapBounds%22%3A%7B%22west%22%3A-96.1006787065811%2C%22east%22%3A-93.35135009329986%2C%22south%22%3A38.694805385673604%2C%22north%22%3A39.610631280801506%7D%2C%22usersSearchTerm%22%3A%22Kansas%20City%2C%20MO%22%2C%22regionSelection%22%3A%5B%7B%22regionId%22%3A18795%2C%22regionType%22%3A6%7D%5D%2C%22filterState%22%3A%7B%22sort%22%3A%7B%22value%22%3A%22globalrelevanceex%22%7D%2C%22ah%22%3A%7B%22value%22%3Atrue%7D%2C%22tow%22%3A%7B%22value%22%3Afalse%7D%2C%22con%22%3A%7B%22value%22%3Afalse%7D%2C%22apco%22%3A%7B%22value%22%3Afalse%7D%2C%22land%22%3A%7B%22value%22%3Afalse%7D%2C%22apa%22%3A%7B%22value%22%3Afalse%7D%2C%22manu%22%3A%7B%22value%22%3Afalse%7D%7D%2C%22isListVisible%22%3Atrue%7D"
"2433929","FOR_SALE","House for sale","","125000","88","125900","88","1450","1424","7840.8","sqft","3","2","9705 Hardesty Ave, Kansas City, MO 64137","9705 Hardesty Ave","Kansas City","MO","64137","38.94852","-94.525894","Realty Platinum Professionals","false","","","https://www.zillow.com/homedetails/9705-Hardesty-Ave-Kansas-City-MO-64137/2433929_zpid/","https://photos.zillowstatic.com/fp/9f4ff75896a7f9a5d7d57dab8673741b-p_e.jpg","https://www.zillow.com/kansas-city-mo/?searchQueryState=%7B%22pagination%22%3A%7B%7D%2C%22isMapVisible%22%3Atrue%2C%22mapBounds%22%3A%7B%22west%22%3A-96.1006787065811%2C%22east%22%3A-93.35135009329986%2C%22south%22%3A38.694805385673604%2C%22north%22%3A39.610631280801506%7D%2C%22usersSearchTerm%22%3A%22Kansas%20City%2C%20MO%22%2C%22regionSelection%22%3A%5B%7B%22regionId%22%3A18795%2C%22regionType%22%3A6%7D%5D%2C%22filterState%22%3A%7B%22sort%22%3A%7B%22value%22%3A%22globalrelevanceex%22%7D%2C%22ah%22%3A%7B%22value%22%3Atrue%7D%2C%22tow%22%3A%7B%22value%22%3Afalse%7D%2C%22con%22%3A%7B%22value%22%3Afalse%7D%2C%22apco%22%3A%7B%22value%22%3Afalse%7D%2C%22land%22%3A%7B%22value%22%3Afalse%7D%2C%22apa%22%3A%7B%22value%22%3Afalse%7D%2C%22manu%22%3A%7B%22value%22%3Afalse%7D%7D%2C%22isListVisible%22%3Atrue%7D"
"66449461","FOR_SALE","House for sale","","172000","115","164400","110","1500","1496","0.25","acres","2","1","5108 NE 45th St, Kansas City, MO 64117","5108 NE 45th St","Kansas City","MO","64117","39.17573","-94.51991","Berkshire Hathaway HomeServices Alliance Real Estate","false","","","https://www.zillow.com/homedetails/5108-NE-45th-St-Kansas-City-MO-64117/66449461_zpid/","https://photos.zillowstatic.com/fp/5ba5b0036734f4bf3be4218244c86450-p_e.jpg","https://www.zillow.com/kansas-city-mo/?searchQueryState=%7B%22pagination%22%3A%7B%7D%2C%22isMapVisible%22%3Atrue%2C%22mapBounds%22%3A%7B%22west%22%3A-96.1006787065811%2C%22east%22%3A-93.35135009329986%2C%22south%22%3A38.694805385673604%2C%22north%22%3A39.610631280801506%7D%2C%22usersSearchTerm%22%3A%22Kansas%20City%2C%20MO%22%2C%22regionSelection%22%3A%5B%7B%22regionId%22%3A18795%2C%22regionType%22%3A6%7D%5D%2C%22filterState%22%3A%7B%22sort%22%3A%7B%22value%22%3A%22globalrelevanceex%22%7D%2C%22ah%22%3A%7B%22value%22%3Atrue%7D%2C%22tow%22%3A%7B%22value%22%3Afalse%7D%2C%22con%22%3A%7B%22value%22%3Afalse%7D%2C%22apco%22%3A%7B%22value%22%3Afalse%7D%2C%22land%22%3A%7B%22value%22%3Afalse%7D%2C%22apa%22%3A%7B%22value%22%3Afalse%7D%2C%22manu%22%3A%7B%22value%22%3Afalse%7D%7D%2C%22isListVisible%22%3Atrue%7D"
"2461162","FOR_SALE","House for sale","","130000","94","131900","95","1329","1387","7863","sqft","3","2","10739 Stark Ave, Kansas City, MO 64134","10739 Stark Ave","Kansas City","MO","64134","38.926632","-94.487175","Realty Executives","false","","","https://www.zillow.com/homedetails/10739-Stark-Ave-Kansas-City-MO-64134/2461162_zpid/","https://photos.zillowstatic.com/fp/24eaafb6f7a66099cced2cb7cc71cc23-p_e.jpg","https://www.zillow.com/kansas-city-mo/?searchQueryState=%7B%22pagination%22%3A%7B%7D%2C%22isMapVisible%22%3Atrue%2C%22mapBounds%22%3A%7B%22west%22%3A-96.1006787065811%2C%22east%22%3A-93.35135009329986%2C%22south%22%3A38.694805385673604%2C%22north%22%3A39.610631280801506%7D%2C%22usersSearchTerm%22%3A%22Kansas%20City%2C%20MO%22%2C%22regionSelection%22%3A%5B%7B%22regionId%22%3A18795%2C%22regionType%22%3A6%7D%5D%2C%22filterState%22%3A%7B%22sort%22%3A%7B%22value%22%3A%22globalrelevanceex%22%7D%2C%22ah%22%3A%7B%22value%22%3Atrue%7D%2C%22tow%22%3A%7B%22value%22%3Afalse%7D%2C%22con%22%3A%7B%22value%22%3Afalse%7D%2C%22apco%22%3A%7B%22value%22%3Afalse%7D%2C%22land%22%3A%7B%22value%22%3Afalse%7D%2C%22apa%22%3A%7B%22value%22%3Afalse%7D%2C%22manu%22%3A%7B%22value%22%3Afalse%7D%7D%2C%22isListVisible%22%3Atrue%7D"
"2056459237","FOR_SALE","House for sale","","500000","105","502300","106","2889","4759","0.2817493112947658","acres","3","3","3232 Windsor Ave S, Kansas City, MO 64123","3232 Windsor Ave S","Kansas City","MO","64123","39.114605","-94.54259","Keller Williams KC North","false","","","https://www.zillow.com/homedetails/3232-Windsor-Ave-S-Kansas-City-MO-64123/2056459237_zpid/","https://photos.zillowstatic.com/fp/418c205d0ce7220d803ea172f001429a-p_e.jpg","https://www.zillow.com/kansas-city-mo/?searchQueryState=%7B%22pagination%22%3A%7B%7D%2C%22isMapVisible%22%3Atrue%2C%22mapBounds%22%3A%7B%22west%22%3A-96.1006787065811%2C%22east%22%3A-93.35135009329986%2C%22south%22%3A38.694805385673604%2C%22north%22%3A39.610631280801506%7D%2C%22usersSearchTerm%22%3A%22Kansas%20City%2C%20MO%22%2C%22regionSelection%22%3A%5B%7B%22regionId%22%3A18795%2C%22regionType%22%3A6%7D%5D%2C%22filterState%22%3A%7B%22sort%22%3A%7B%22value%22%3A%22globalrelevanceex%22%7D%2C%22ah%22%3A%7B%22value%22%3Atrue%7D%2C%22tow%22%3A%7B%22value%22%3Afalse%7D%2C%22con%22%3A%7B%22value%22%3Afalse%7D%2C%22apco%22%3A%7B%22value%22%3Afalse%7D%2C%22land%22%3A%7B%22value%22%3Afalse%7D%2C%22apa%22%3A%7B%22value%22%3Afalse%7D%2C%22manu%22%3A%7B%22value%22%3Afalse%7D%7D%2C%22isListVisible%22%3Atrue%7D"
"66449356","FOR_SALE","House for sale","","169000","212","167800","211","1300","796","0.28000459136822775","acres","3","1","4631 N Brighton Ave, Kansas City, MO 64117","4631 N Brighton Ave","Kansas City","MO","64117","39.17828","-94.52103","Keller Williams KC North","false","","","https://www.zillow.com/homedetails/4631-N-Brighton-Ave-Kansas-City-MO-64117/66449356_zpid/","https://photos.zillowstatic.com/fp/d57720794bd449686b87f3250117b56e-p_e.jpg","https://www.zillow.com/kansas-city-mo/?searchQueryState=%7B%22pagination%22%3A%7B%7D%2C%22isMapVisible%22%3Atrue%2C%22mapBounds%22%3A%7B%22west%22%3A-96.1006787065811%2C%22east%22%3A-93.35135009329986%2C%22south%22%3A38.694805385673604%2C%22north%22%3A39.610631280801506%7D%2C%22usersSearchTerm%22%3A%22Kansas%20City%2C%20MO%22%2C%22regionSelection%22%3A%5B%7B%22regionId%22%3A18795%2C%22regionType%22%3A6%7D%5D%2C%22filterState%22%3A%7B%22sort%22%3A%7B%22value%22%3A%22globalrelevanceex%22%7D%2C%22ah%22%3A%7B%22value%22%3Atrue%7D%2C%22tow%22%3A%7B%22value%22%3Afalse%7D%2C%22con%22%3A%7B%22value%22%3Afalse%7D%2C%22apco%22%3A%7B%22value%22%3Afalse%7D%2C%22land%22%3A%7B%22value%22%3Afalse%7D%2C%22apa%22%3A%7B%22value%22%3Afalse%7D%2C%22manu%22%3A%7B%22value%22%3Afalse%7D%7D%2C%22isListVisible%22%3Atrue%7D"